{
  "dataset_overview": {
    "total_records": 129,
    "total_columns": 24,
    "patients": 100,
    "mortality_rate": 0.31007751937984496,
    "avg_age": 64.63793062095634,
    "avg_los": 9.332811154177433
  },
  "anonymization_results": {
    "k_2": {
      "records_retained": 115,
      "suppression_rate": 0.10852713178294573,
      "processing_time": 0.02591395378112793,
      "utility_score": 0.9716561928246238
    },
    "k_3": {
      "records_retained": 109,
      "suppression_rate": 0.15503875968992248,
      "processing_time": 0.002931833267211914,
      "utility_score": 0.9648326015710109
    },
    "k_5": {
      "records_retained": 93,
      "suppression_rate": 0.27906976744186046,
      "processing_time": 0.0024530887603759766,
      "utility_score": 0.9350383525222093
    },
    "k_10": {
      "records_retained": 76,
      "suppression_rate": 0.4108527131782946,
      "processing_time": 0.0021963119506835938,
      "utility_score": 0.9049470804014615
    }
  },
  "privacy_protection": {
    "min_group_sizes": {
      "2": 2,
      "3": 3,
      "5": 5,
      "10": 11
    },
    "privacy_guarantee": true
  },
  "utility_preservation": {}
}